Workbook

Sheet targets
A1: target_names | B1: target_groups | C1: age_start | D1: age_end | E1: target_index | F1: targets | G1: ci_lb | H1: ci_ub | I1: sex | J1: lesion_type | K1: source
A2: =""&B2&"_"&E2 -> prevalence_lesion_27 | B2: prevalence_lesion | C2: 25 | D2: =C3 -> 30 | E2: =FLOOR(AVERAGE(C2,D2), 1) -> 27 | F2: 0.12 | G2: 0 | H2: 0.3 | I2: female | J2: AP | K2: Rutter et al. 2009
A3: =""&B3&"_"&E3 -> prevalence_lesion_32 | B3: prevalence_lesion | C3: 30 | D3: =C4 -> 35 | E3: =FLOOR(AVERAGE(C3,D3), 1) -> 32 | F3: 0.14 | G3: 0 | H3: 0.36 | I3: female | J3: AP | K3: Rutter et al. 2009
A4: =""&B4&"_"&E4 -> prevalence_lesion_37 | B4: prevalence_lesion | C4: 35 | D4: =C5 -> 40 | E4: =FLOOR(AVERAGE(C4,D4), 1) -> 37 | F4: 0.18 | G4: 0.01 | H4: 0.4 | I4: female | J4: AP | K4: Rutter et al. 2009
A5: =""&B5&"_"&E5 -> prevalence_lesion_42 | B5: prevalence_lesion | C5: 40 | D5: =C6 -> 45 | E5: =FLOOR(AVERAGE(C5,D5), 1) -> 42 | F5: 0.21 | G5: 0.01 | H5: 0.46 | I5: female | J5: AP | K5: Rutter et al. 2009
A6: =""&B6&"_"&E6 -> prevalence_lesion_47 | B6: prevalence_lesion | C6: 45 | D6: =C7 -> 50 | E6: =FLOOR(AVERAGE(C6,D6), 1) -> 47 | F6: 0.24 | G6: 0.02 | H6: 0.51 | I6: female | J6: AP | K6: Rutter et al. 2009
A7: =""&B7&"_"&E7 -> prevalence_lesion_52 | B7: prevalence_lesion | C7: 50 | D7: =C8 -> 55 | E7: =FLOOR(AVERAGE(C7,D7), 1) -> 52 | F7: 0.27 | G7: 0.03 | H7: 0.56 | I7: female | J7: AP | K7: Rutter et al. 2009
A8: =""&B8&"_"&E8 -> prevalence_lesion_57 | B8: prevalence_lesion | C8: 55 | D8: =C9 -> 60 | E8: =FLOOR(AVERAGE(C8,D8), 1) -> 57 | F8: 0.3 | G8: 0.04 | H8: 0.61 | I8: female | J8: AP | K8: Rutter et al. 2009
A9: =""&B9&"_"&E9 -> prevalence_lesion_62 | B9: prevalence_lesion | C9: 60 | D9: =C10 -> 65 | E9: =FLOOR(AVERAGE(C9,D9), 1) -> 62 | F9: 0.34 | G9: 0.05 | H9: 0.65 | I9: female | J9: AP | K9: Rutter et al. 2009
A10: =""&B10&"_"&E10 -> prevalence_lesion_67 | B10: prevalence_lesion | C10: 65 | D10: =C11 -> 70 | E10: =FLOOR(AVERAGE(C10,D10), 1) -> 67 | F10: 0.37 | G10: 0.07 | H10: 0.7 | I10: female | J10: AP | K10: Rutter et al. 2009
A11: =""&B11&"_"&E11 -> prevalence_lesion_72 | B11: prevalence_lesion | C11: 70 | D11: =C12 -> 75 | E11: =FLOOR(AVERAGE(C11,D11), 1) -> 72 | F11: 0.41 | G11: 0.09 | H11: 0.74 | I11: female | J11: AP | K11: Rutter et al. 2009
A12: =""&B12&"_"&E12 -> prevalence_lesion_77 | B12: prevalence_lesion | C12: 75 | D12: =C13 -> 80 | E12: =FLOOR(AVERAGE(C12,D12), 1) -> 77 | F12: 0.45 | G12: 0.12 | H12: 0.79 | I12: female | J12: AP | K12: Rutter et al. 2009
A13: =""&B13&"_"&E13 -> prevalence_lesion_82 | B13: prevalence_lesion | C13: 80 | D13: =C14 -> 85 | E13: =FLOOR(AVERAGE(C13,D13), 1) -> 82 | F13: 0.48 | G13: 0.15 | H13: 0.83 | I13: female | J13: AP | K13: Rutter et al. 2009
... A15: =""&B15&"_"&E15 -> prevalence_lesion_92 | B15: prevalence_lesion | C15: 90 | D15: =C16 -> 95 | E15: =FLOOR(AVERAGE(C15,D15), 1) -> 92 | F15: 0.56 | G15: 0.22 | H15: 0.9 | I15: female | J15: AP | K15: Rutter et al. 2009
A16: =""&B16&"_"&E16 -> prevalence_lesion_97 | B16: prevalence_lesion | C16: 95 | D16: 100 | E16: =FLOOR(AVERAGE(C16,D16), 1) -> 97 | F16: 0.6 | G16: 0.26 | H16: 0.93 | I16: female | J16: AP | K16: Rutter et al. 2009
A17: =""&B17&"_"&E17 -> n_lesion_1 | B17: n_lesion | C17: 50 | D17: 80 | E17: 1 | F17: 0.433 | G17: 0.38 | H17: 0.486 | I17: both | J17: AP | K17: Meester et al. 2020
A18: =""&B18&"_"&E18 -> n_lesion_2 | B18: n_lesion | C18: 50 | D18: 80 | E18: 2 | F18: 0.223 | G18: 0.183 | H18: 0.264 | I18: both | J18: AP | K18: Meester et al. 2020
A19: =""&B19&"_"&E19 -> n_lesion_3 | B19: n_lesion | C19: 50 | D19: 80 | E19: 3 | F19: 0.34 | G19: 0.28 | H19: 0.4 | I19: both | J19: AP | K19: Meester et al. 2020
A20: =""&B20&"_"&E20 -> prevalence_preclin_35 | B20: prevalence_preclin | C20: 30 | D20: 40 | E20: =FLOOR(AVERAGE(C20,D20), 1) -> 35 | F20: =INDEX(bounds!$A$6:$L$1048576,MATCH(targets!$A20,bounds!$A$6:$A$1048576,0), MATCH(F$1,bounds!$6:$6,0)) -> 0.0029069767 | G20: =INDEX(bounds!$A$6:$L$1048576,MATCH(targets!$A20,bounds!$A$6:$A$1048576,0), MATCH(G$1,bounds!$6:$6,0)) -> 0.00051333722 | H20: =INDEX(bounds!$A$6:$L$1048576,MATCH(targets!$A20,bounds!$A$6:$A$1048576,0), MATCH(H$1,bounds!$6:$6,0)) -> 0.016280115 | I20: female | J20: CRC | K20: Berg et al. 1970
A21: =""&B21&"_"&E21 -> prevalence_preclin_45 | B21: prevalence_preclin | C21: 40 | D21: 50 | E21: =FLOOR(AVERAGE(C21,D21), 1) -> 45 | F21: =INDEX(bounds!$A$6:$L$1048576,MATCH(targets!$A21,bounds!$A$6:$A$1048576,0), MATCH(F$1,bounds!$6:$6,0)) -> 0.0054844607 | G21: =INDEX(bounds!$A$6:$L$1048576,MATCH(targets!$A21,bounds!$A$6:$A$1048576,0), MATCH(G$1,bounds!$6:$6,0)) -> 0.0018669281 | H21: =INDEX(bounds!$A$6:$L$1048576,MATCH(targets!$A21,bounds!$A$6:$A$1048576,0), MATCH(H$1,bounds!$6:$6,0)) -> 0.015999299 | I21: female | J21: CRC | K21: Berg et al. 1970
A22: =""&B22&"_"&E22 -> prevalence_preclin_55 | B22: prevalence_preclin | C22: 50 | D22: 60 | E22: =FLOOR(AVERAGE(C22,D22), 1) -> 55 | F22: =INDEX(bounds!$A$6:$L$1048576,MATCH(targets!$A22,bounds!$A$6:$A$1048576,0), MATCH(F$1,bounds!$6:$6,0)) -> 0.0067024129 | G22: =INDEX(bounds!$A$6:$L$1048576,MATCH(targets!$A22,bounds!$A$6:$A$1048576,0), MATCH(G$1,bounds!$6:$6,0)) -> 0.0028661685 | H22: =INDEX(bounds!$A$6:$L$1048576,MATCH(targets!$A22,bounds!$A$6:$A$1048576,0), MATCH(H$1,bounds!$6:$6,0)) -> 0.015593012 | I22: female | J22: CRC | K22: Berg et al. 1970
A23: =""&B23&"_"&E23 -> prevalence_preclin_65 | B23: prevalence_preclin | C23: 60 | D23: 70 | E23: =FLOOR(AVERAGE(C23,D23), 1) -> 65 | F23: =INDEX(bounds!$A$6:$L$1048576,MATCH(targets!$A23,bounds!$A$6:$A$1048576,0), MATCH(F$1,bounds!$6:$6,0)) -> 0.015682657 | G23: =INDEX(bounds!$A$6:$L$1048576,MATCH(targets!$A23,bounds!$A$6:$A$1048576,0), MATCH(G$1,bounds!$6:$6,0)) -> 0.0098142486 | H23: =INDEX(bounds!$A$6:$L$1048576,MATCH(targets!$A23,bounds!$A$6:$A$1048576,0), MATCH(H$1,bounds!$6:$6,0)) -> 0.024971573 | I23: female | J23: CRC | K23: Berg et al. 1970
A24: =""&B24&"_"&E24 -> prevalence_preclin_75 | B24: prevalence_preclin | C24: 70 | D24: 80 | E24: =FLOOR(AVERAGE(C24,D24), 1) -> 75 | F24: =INDEX(bounds!$A$6:$L$1048576,MATCH(targets!$A24,bounds!$A$6:$A$1048576,0), MATCH(F$1,bounds!$6:$6,0)) -> 0.018207283 | G24: =INDEX(bounds!$A$6:$L$1048576,MATCH(targets!$A24,bounds!$A$6:$A$1048576,0), MATCH(G$1,bounds!$6:$6,0)) -> 0.012455064 | H24: =INDEX(bounds!$A$6:$L$1048576,MATCH(targets!$A24,bounds!$A$6:$A$1048576,0), MATCH(H$1,bounds!$6:$6,0)) -> 0.026544686 | I24: female | J24: CRC | K24: Berg et al. 1970
A25: =""&B25&"_"&E25 -> prevalence_preclin_85 | B25: prevalence_preclin | C25: 80 | D25: 90 | E25: =FLOOR(AVERAGE(C25,D25), 1) -> 85 | F25: =INDEX(bounds!$A$6:$L$1048576,MATCH(targets!$A25,bounds!$A$6:$A$1048576,0), MATCH(F$1,bounds!$6:$6,0)) -> 0.025930101 | G25: =INDEX(bounds!$A$6:$L$1048576,MATCH(targets!$A25,bounds!$A$6:$A$1048576,0), MATCH(G$1,bounds!$6:$6,0)) -> 0.017339775 | H25: =INDEX(bounds!$A$6:$L$1048576,MATCH(targets!$A25,bounds!$A$6:$A$1048576,0), MATCH(H$1,bounds!$6:$6,0)) -> 0.038608967 | I25: female | J25: CRC | K25: Berg et al. 1970
A26: =""&B26&"_"&E26 -> prevalence_preclin_95 | B26: prevalence_preclin | C26: 90 | D26: 100 | E26: =FLOOR(AVERAGE(C26,D26), 1) -> 95 | F26: =INDEX(bounds!$A$6:$L$1048576,MATCH(targets!$A26,bounds!$A$6:$A$1048576,0), MATCH(F$1,bounds!$6:$6,0)) -> 0.013333333 | G26: =INDEX(bounds!$A$6:$L$1048576,MATCH(targets!$A26,bounds!$A$6:$A$1048576,0), MATCH(G$1,bounds!$6:$6,0)) -> 0.0036641292 | H26: =INDEX(bounds!$A$6:$L$1048576,MATCH(targets!$A26,bounds!$A$6:$A$1048576,0), MATCH(H$1,bounds!$6:$6,0)) -> 0.047306909 | I26: female | J26: CRC | K26: Berg et al. 1970
A27: =""&B27&"_"&E27 -> incidence_clin_35 | B27: incidence_clin | C27: 30 | D27: =C28 -> 40 | E27: =FLOOR(AVERAGE(C27,D27), 1) -> 35 | F27: 4.152 | G27: 3.607 | H27: 4.752 | I27: female | J27: CRC | K27: MISCAN targets
A28: =""&B28&"_"&E28 -> incidence_clin_45 | B28: incidence_clin | C28: 40 | D28: =C29 -> 50 | E28: =FLOOR(AVERAGE(C28,D28), 1) -> 45 | F28: 20.668 | G28: 19.264 | H28: 22.141 | I28: female | J28: CRC | K28: MISCAN targets
A29: =""&B29&"_"&E29 -> incidence_clin_55 | B29: incidence_clin | C29: 50 | D29: =C30 -> 60 | E29: =FLOOR(AVERAGE(C29,D29), 1) -> 55 | F29: 69.338 | G29: 66.747 | H29: 71.999 | I29: female | J29: CRC | K29: MISCAN targets
A30: =""&B30&"_"&E30 -> incidence_clin_65 | B30: incidence_clin | C30: 60 | D30: =C31 -> 70 | E30: =FLOOR(AVERAGE(C30,D30), 1) -> 65 | F30: 166.136 | G30: 161.414 | H30: 170.952 | I30: female | J30: CRC | K30: MISCAN targets
A31: =""&B31&"_"&E31 -> incidence_clin_75 | B31: incidence_clin | C31: 70 | D31: =C32 -> 80 | E31: =FLOOR(AVERAGE(C31,D31), 1) -> 75 | F31: 309.199 | G31: 300.734 | H31: 317.83 | I31: female | J31: CRC | K31: MISCAN targets
A32: =""&B32&"_"&E32 -> incidence_clin_90 | B32: incidence_clin | C32: 80 | D32: 100 | E32: =FLOOR(AVERAGE(C32,D32), 1) -> 90 | F32: 428.289 | G32: 413.871 | H32: 443.053 | I32: female | J32: CRC | K32: MISCAN targets
A33: =""&B33&"_"&E33 -> stage_distr_1 | B33: stage_distr | E33: 1 | F33: =INDEX(bounds!$A$6:$L$1048576,MATCH(targets!$A33,bounds!$A$6:$A$1048576,0), MATCH(F$1,bounds!$6:$6,0)) -> 0.18080563 | G33: =INDEX(bounds!$A$6:$L$1048576,MATCH(targets!$A33,bounds!$A$6:$A$1048576,0), MATCH(G$1,bounds!$6:$6,0)) -> 0.17781418 | H33: =INDEX(bounds!$A$6:$L$1048576,MATCH(targets!$A33,bounds!$A$6:$A$1048576,0), MATCH(H$1,bounds!$6:$6,0)) -> 0.18383616 | I33: female | J33: CRC | K33: MISCAN targets
A34: =""&B34&"_"&E34 -> stage_distr_2 | B34: stage_distr | E34: 2 | F34: =INDEX(bounds!$A$6:$L$1048576,MATCH(targets!$A34,bounds!$A$6:$A$1048576,0), MATCH(F$1,bounds!$6:$6,0)) -> 0.33584563 | G34: =INDEX(bounds!$A$6:$L$1048576,MATCH(targets!$A34,bounds!$A$6:$A$1048576,0), MATCH(G$1,bounds!$6:$6,0)) -> 0.33216075 | H34: =INDEX(bounds!$A$6:$L$1048576,MATCH(targets!$A34,bounds!$A$6:$A$1048576,0), MATCH(H$1,bounds!$6:$6,0)) -> 0.33955061 | I34: female | J34: CRC | K34: MISCAN targets
A35: =""&B35&"_"&E35 -> stage_distr_3 | B35: stage_distr | E35: 3 | F35: =INDEX(bounds!$A$6:$L$1048576,MATCH(targets!$A35,bounds!$A$6:$A$1048576,0), MATCH(F$1,bounds!$6:$6,0)) -> 0.24546671 | G35: =INDEX(bounds!$A$6:$L$1048576,MATCH(targets!$A35,bounds!$A$6:$A$1048576,0), MATCH(G$1,bounds!$6:$6,0)) -> 0.24211531 | H35: =INDEX(bounds!$A$6:$L$1048576,MATCH(targets!$A35,bounds!$A$6:$A$1048576,0), MATCH(H$1,bounds!$6:$6,0)) -> 0.24884927 | I35: female | J35: CRC | K35: MISCAN targets
A36: =""&B36&"_"&E36 -> stage_distr_4 | B36: stage_distr | E36: 4 | F36: =INDEX(bounds!$A$6:$L$1048576,MATCH(targets!$A36,bounds!$A$6:$A$1048576,0), MATCH(F$1,bounds!$6:$6,0)) -> 0.23788202 | G36: =INDEX(bounds!$A$6:$L$1048576,MATCH(targets!$A36,bounds!$A$6:$A$1048576,0), MATCH(G$1,bounds!$6:$6,0)) -> 0.23456689 | H36: =INDEX(bounds!$A$6:$L$1048576,MATCH(targets!$A36,bounds!$A$6:$A$1048576,0), MATCH(H$1,bounds!$6:$6,0)) -> 0.24122924 | I36: female | J36: CRC | K36: MISCAN targets

Sheet bounds
A1: Calculations for Wilson score confidence intervals for binomial proportion
A2: Source: https://real-statistics.com/binomial-and-related-distributions/proportion-distribution/proportion-parameter-confidence-interval/
A3: Alpha | B3: 0.05
A4: zcrit | B4: =_xlfn.NORM.S.INV(1-B3/2) -> 1.959964
A6: target_names | B6: target_groups | C6: age_start | D6: age_end | E6: target_index | F6: target_labels | G6: n_total | H6: n_cases | I6: targets | J6: u | K6: ci_lb | L6: ci_ub
A7: ="prevalence_preclin_"&E7 -> prevalence_preclin_35 | B7: prevalence | C7: 30 | D7: 40 | E7: =FLOOR(AVERAGE(C7,D7), 1) -> 35 | G7: 344 | H7: 1 | I7: =H7/G7 -> 0.0029069767 | J7: =$B$4^2/G7 -> 0.011167031 | K7: =(I7+J7/2)/(J7+1)-$B$4/(J7+1)*SQRT(I7*(1-I7)/G7+J7/(4*G7)) -> 0.00051333722 | L7: =(I7+J7/2)/(J7+1)+$B$4/(J7+1)*SQRT(I7*(1-I7)/G7+J7/(4*G7)) -> 0.016280115
A8: ="prevalence_preclin_"&E8 -> prevalence_preclin_45 | B8: prevalence | C8: 40 | D8: 50 | E8: =FLOOR(AVERAGE(C8,D8), 1) -> 45 | G8: 547 | H8: 3 | I8: =H8/G8 -> 0.0054844607 | J8: =$B$4^2/G8 -> 0.0070227766 | K8: =(I8+J8/2)/(J8+1)-$B$4/(J8+1)*SQRT(I8*(1-I8)/G8+J8/(4*G8)) -> 0.0018669281 | L8: =(I8+J8/2)/(J8+1)+$B$4/(J8+1)*SQRT(I8*(1-I8)/G8+J8/(4*G8)) -> 0.015999299
A9: ="prevalence_preclin_"&E9 -> prevalence_preclin_55 | B9: prevalence | C9: 50 | D9: 60 | E9: =FLOOR(AVERAGE(C9,D9), 1) -> 55 | G9: 746 | H9: 5 | I9: =H9/G9 -> 0.0067024129 | J9: =$B$4^2/G9 -> 0.0051494086 | K9: =(I9+J9/2)/(J9+1)-$B$4/(J9+1)*SQRT(I9*(1-I9)/G9+J9/(4*G9)) -> 0.0028661685 | L9: =(I9+J9/2)/(J9+1)+$B$4/(J9+1)*SQRT(I9*(1-I9)/G9+J9/(4*G9)) -> 0.015593012
A10: ="prevalence_preclin_"&E10 -> prevalence_preclin_65 | B10: prevalence | C10: 60 | D10: 70 | E10: =FLOOR(AVERAGE(C10,D10), 1) -> 65 | G10: 1084 | H10: 17 | I10: =H10/G10 -> 0.015682657 | J10: =$B$4^2/G10 -> 0.0035437812 | K10: =(I10+J10/2)/(J10+1)-$B$4/(J10+1)*SQRT(I10*(1-I10)/G10+J10/(4*G10)) -> 0.0098142486 | L10: =(I10+J10/2)/(J10+1)+$B$4/(J10+1)*SQRT(I10*(1-I10)/G10+J10/(4*G10)) -> 0.024971573
A11: ="prevalence_preclin_"&E11 -> prevalence_preclin_75 | B11: prevalence | C11: 70 | D11: 80 | E11: =FLOOR(AVERAGE(C11,D11), 1) -> 75 | G11: 1428 | H11: 26 | I11: =H11/G11 -> 0.018207283 | J11: =$B$4^2/G11 -> 0.0026900972 | K11: =(I11+J11/2)/(J11+1)-$B$4/(J11+1)*SQRT(I11*(1-I11)/G11+J11/(4*G11)) -> 0.012455064 | L11: =(I11+J11/2)/(J11+1)+$B$4/(J11+1)*SQRT(I11*(1-I11)/G11+J11/(4*G11)) -> 0.026544686
A12: ="prevalence_preclin_"&E12 -> prevalence_preclin_85 | B12: prevalence | C12: 80 | D12: 90 | E12: =FLOOR(AVERAGE(C12,D12), 1) -> 85 | G12: 887 | H12: 23 | I12: =H12/G12 -> 0.025930101 | J12: =$B$4^2/G12 -> 0.0043308442 | K12: =(I12+J12/2)/(J12+1)-$B$4/(J12+1)*SQRT(I12*(1-I12)/G12+J12/(4*G12)) -> 0.017339775 | L12: =(I12+J12/2)/(J12+1)+$B$4/(J12+1)*SQRT(I12*(1-I12)/G12+J12/(4*G12)) -> 0.038608967
A13: ="prevalence_preclin_"&E13 -> prevalence_preclin_95 | B13: prevalence | C13: 90 | D13: 100 | E13: =FLOOR(AVERAGE(C13,D13), 1) -> 95 | G13: 150 | H13: 2 | I13: =H13/G13 -> 0.013333333 | J13: =$B$4^2/G13 -> 0.025609725 | K13: =(I13+J13/2)/(J13+1)-$B$4/(J13+1)*SQRT(I13*(1-I13)/G13+J13/(4*G13)) -> 0.0036641292 | L13: =(I13+J13/2)/(J13+1)+$B$4/(J13+1)*SQRT(I13*(1-I13)/G13+J13/(4*G13)) -> 0.047306909
A14: stage_distr_1 | B14: stage_distr | E14: 1 | G14: 62758 | H14: 11347 | I14: =H14/G14 -> 0.18080563 | J14: =$B$4^2/G14 -> 6.1210664e-05 | K14: =(I14+J14/2)/(J14+1)-$B$4/(J14+1)*SQRT(I14*(1-I14)/G14+J14/(4*G14)) -> 0.17781418 | L14: =(I14+J14/2)/(J14+1)+$B$4/(J14+1)*SQRT(I14*(1-I14)/G14+J14/(4*G14)) -> 0.18383616
A15: stage_distr_2 | B15: stage_distr | E15: 2 | G15: 62758 | H15: 21077 | I15: =H15/G15 -> 0.33584563 | J15: =$B$4^2/G15 -> 6.1210664e-05 | K15: =(I15+J15/2)/(J15+1)-$B$4/(J15+1)*SQRT(I15*(1-I15)/G15+J15/(4*G15)) -> 0.33216075 | L15: =(I15+J15/2)/(J15+1)+$B$4/(J15+1)*SQRT(I15*(1-I15)/G15+J15/(4*G15)) -> 0.33955061
A16: stage_distr_3 | B16: stage_distr | E16: 3 | G16: 62758 | H16: 15405 | I16: =H16/G16 -> 0.24546671 | J16: =$B$4^2/G16 -> 6.1210664e-05 | K16: =(I16+J16/2)/(J16+1)-$B$4/(J16+1)*SQRT(I16*(1-I16)/G16+J16/(4*G16)) -> 0.24211531 | L16: =(I16+J16/2)/(J16+1)+$B$4/(J16+1)*SQRT(I16*(1-I16)/G16+J16/(4*G16)) -> 0.24884927
A17: stage_distr_4 | B17: stage_distr | E17: 4 | G17: 62758 | H17: 14929 | I17: =H17/G17 -> 0.23788202 | J17: =$B$4^2/G17 -> 6.1210664e-05 | K17: =(I17+J17/2)/(J17+1)-$B$4/(J17+1)*SQRT(I17*(1-I17)/G17+J17/(4*G17)) -> 0.23456689 | L17: =(I17+J17/2)/(J17+1)+$B$4/(J17+1)*SQRT(I17*(1-I17)/G17+J17/(4*G17)) -> 0.24122924
